[{"id":"http://environment.data.gov.uk/asset-management/id/drl/AidsToNavigation","label":"Aids to Navigation ","description":"Assets that are used to aid navigation in the marine and fluvial environment.","edit":{"id":"http://environment.data.gov.uk/asset-management/def/drl/edit/5ebd8a57-57cc-4fc0-80a9-7a6055afe2c6","type":"http://environment.data.gov.uk/asset-management/def/drl/edit/type/created","date":"2021-04-27T18:30"}},{"id":"http://environment.data.gov.uk/asset-management/id/drl/Amenities","label":"Amenities","description":"Assets that contribute to the accessibility or usability of a location.","edit":{"id":"http://environment.data.gov.uk/asset-management/def/drl/edit/02e04c3b-706d-4002-a3a0-3a2498abcb5b","type":"http://environment.data.gov.uk/asset-management/def/drl/edit/type/created","date":"2021-04-27T18:30"}},{"id":"http://environment.data.gov.uk/asset-management/id/drl/AssetComplex","label":"Asset Complex","description":"A grouping together of individual assets that can be considered as parts of a single site or complex with a high level purpose.","edit":{"id":"http://environment.data.gov.uk/asset-management/def/drl/edit/a01d6f80-443b-499e-8356-15cc96b9468b","type":"http://environment.data.gov.uk/asset-management/def/drl/edit/type/created","date":"2021-04-27T18:30"}},{"id":"http://environment.data.gov.uk/asset-management/id/drl/BeachStructure","label":"Beach Structure","description":"Assets used to protect the coast from erosion.","edit":{"id":"http://environment.data.gov.uk/asset-management/def/drl/edit/64681064-05cf-4ee7-82c2-ce93f318ce42","type":"http://environment.data.gov.uk/asset-management/def/drl/edit/type/updated","date":"2021-04-27T18:30"}},{"id":"http://environment.data.gov.uk/asset-management/id/drl/BuildingsAndCompounds","label":"Buildings and Compounds","description":"Assets that are used to provide shelter for equipment, storage or personnel.","edit":{"id":"http://environment.data.gov.uk/asset-management/def/drl/edit/49630929-6a75-467b-9a92-0fb30d545886","type":"http://environment.data.gov.uk/asset-management/def/drl/edit/type/created","date":"2021-04-27T18:30"}},{"id":"http://environment.data.gov.uk/asset-management/id/drl/Channel","label":"Channel","description":"Assets that convey water.","edit":{"id":"http://environment.data.gov.uk/asset-management/def/drl/edit/5098765c-4869-4669-b43b-ec32938d4597","type":"http://environment.data.gov.uk/asset-management/def/drl/edit/type/updated","date":"2021-04-27T18:30"}},{"id":"http://environment.data.gov.uk/asset-management/id/drl/ChannelCrossings","label":"Channel Crossings","description":"Assets that allow access across a channel.","edit":{"id":"http://environment.data.gov.uk/asset-management/def/drl/edit/83921ad6-43c8-40bd-bf20-e96dc256e530","type":"http://environment.data.gov.uk/asset-management/def/drl/edit/type/created","date":"2021-04-27T18:30"}},{"id":"http://environment.data.gov.uk/asset-management/id/drl/Defence","label":"Defence","description":"Asset that provide flood defence or coastal protection functions. These include both man-made and natural defences. Natural defences may include man-made elements to make them more effective or protect them from erosion.","edit":{"id":"http://environment.data.gov.uk/asset-management/def/drl/edit/c08ab191-c617-4acc-841b-15e3fca6fd52","type":"http://environment.data.gov.uk/asset-management/def/drl/edit/type/updated","date":"2021-04-27T18:30"}},{"id":"http://environment.data.gov.uk/asset-management/id/drl/InformationDeliverables","label":"Information Deliverables","description":"Specific Information Deliverables scheduled in each project Information Delivery Plan (IDP) for each required delivery stage.<br>*File Naming Attributes and *Information Purposes  are not specific information deliverables but list the allowable values for different parts of the file names, and the purposes for which the information may be used.<br>Similarly, *File Reader Form Templates and *Report Schemas provide definitions of column requirements to be used in deliverable files, and a schema definition of file metadata.","edit":{"id":"http://environment.data.gov.uk/asset-management/def/drl/edit/0fcadd41-74b4-4f31-9ce0-bbb026a882be","type":"http://environment.data.gov.uk/asset-management/def/drl/edit/type/updated","date":"2025-03-06T14:30"}},{"id":"http://environment.data.gov.uk/asset-management/id/drl/Instruments","label":"Instruments","description":"Assets used to measure, monitor and communicate environmental or operational parameters.","edit":{"id":"http://environment.data.gov.uk/asset-management/def/drl/edit/3e81c378-3c05-47ca-9c6f-23c06a36b068","type":"http://environment.data.gov.uk/asset-management/def/drl/edit/type/updated","date":"2024-06-19T13:59"}},{"id":"http://environment.data.gov.uk/asset-management/id/drl/Land","label":"Land","description":"Areas of land that are involved in water management.","edit":{"id":"http://environment.data.gov.uk/asset-management/def/drl/edit/21305fb3-4038-4c72-ae39-8a4380d0c023","type":"http://environment.data.gov.uk/asset-management/def/drl/edit/type/updated","date":"2021-04-27T18:30"}},{"id":"http://environment.data.gov.uk/asset-management/id/drl/MechanicalAndElectrical","label":"Mechanical and Electrical","description":"Specialist mechanical, electrical, control and automation assets.","edit":{"id":"http://environment.data.gov.uk/asset-management/def/drl/edit/eea8ad50-7c3b-4d40-9464-148358f5dae5","type":"http://environment.data.gov.uk/asset-management/def/drl/edit/type/created","date":"2025-03-07T10:45:00.421"}},{"id":"http://environment.data.gov.uk/asset-management/id/drl/PublicSafety","label":"Public Safety","description":"Environment Agency managed assets that are used in the protection of public safety.","edit":{"id":"http://environment.data.gov.uk/asset-management/def/drl/edit/0343493c-6a83-41dd-a275-19e68e383706","type":"http://environment.data.gov.uk/asset-management/def/drl/edit/type/created","date":"2021-04-27T18:30"}},{"id":"http://environment.data.gov.uk/asset-management/id/drl/Structure","label":"Structure","description":"Assets used to enable, restrict or affect the movement of water, people, fish, animals or materials.","edit":{"id":"http://environment.data.gov.uk/asset-management/def/drl/edit/67dafb35-77ea-4f33-b4fc-b7700829f6e2","type":"http://environment.data.gov.uk/asset-management/def/drl/edit/type/updated","date":"2021-04-27T18:30"}},{"id":"http://environment.data.gov.uk/asset-management/id/drl/SurfaceWaterManagement","label":"Surface Water Management","description":"Assets used to manage surface water.","edit":{"id":"http://environment.data.gov.uk/asset-management/def/drl/edit/ed146f6c-5f93-4cf4-b9ec-c2d94cb57a8b","type":"http://environment.data.gov.uk/asset-management/def/drl/edit/type/created","date":"2025-02-05T10:18:00.421"}}]